iter	Logloss
0	0.6783981243
1	0.6646086558
2	0.6510626286
3	0.6406882043
4	0.6294987238
5	0.6184745339
6	0.6091571702
7	0.5999247607
8	0.5923769427
9	0.584947352
10	0.577269671
